{
	"pokemons":[
		{"id":"1","name":"Bryce Dallas Howard","url":"img/celebs/bryce_dallas_howard.jpg"},
		{"id":"2","name":"Alexandra Daddario","url":"img/celebs/alexandra_daddario.jpg"},
		{"id":"3","name":"Emilia Clarke","url":"img/celebs/emilia_clarke.jpg"},
		{"id":"4","name":"Margot Robbie","url":"img/celebs/margot_robbie.jpg"},
		{"id":"5","name":"Jamie Clayton","url":"img/celebs/jamie_clayton.jpg"},
		{"id":"6","name":"Kate Upton","url":"img/celebs/kate_upton.jpg"},
		{"id":"7","name":"Alicia Vikander","url":"img/celebs/alicia_vikander.jpg"},
		{"id":"8","name":"Scarlett Johansson","url":"img/celebs/scarlett_johansson.jpg"},
		{"id":"9","name":"Natalie Dormer","url":"img/celebs/natalie_dormer.jpg"},
		{"id":"10","name":"Jennifer Lawrence","url":"img/celebs/jennifer_lawrence.jpg"},
		{"id":"11","name":"Natalie Portman","url":"img/celebs/natalie_portman.jpg"},
		{"id":"12","name":"Chloë Grace Moretz","url":"img/celebs/chloe_grace_moretz.jpg"},
		{"id":"13","name":"Charlize Theron","url":"img/celebs/charlize_theron.jpg"},
		{"id":"14","name":"Cara Delevingne","url":"img/celebs/cara_d.jpg"},
		{"id":"15","name":"Emma Stone","url":"img/celebs/emma_stone.jpg"},
		{"id":"16","name":"Emma Watson","url":"img/celebs/emma_watson.jpg"},
		{"id":"17","name":"Abbey Lee","url":"img/celebs/abbey_lee.jpg"},
		{"id":"18","name":"Elizabeth Banks","url":"img/celebs/elizabeth_banks.jpg"},
		{"id":"19","name":"Gwendoline Christie","url":"img/celebs/gwendoline_christie.jpg"},
		{"id":"20","name":"Eva Green","url":"img/celebs/eva_green.jpg"},
		{"id":"21","name":"Blake Lively","url":"img/celebs/blake_lively.jpg"},
		{"id":"22","name":"Maisie Williams","url":"img/celebs/maisie_williams.jpg"},
		{"id":"23","name":"Mila Kunis","url":"img/celebs/mila_kunis.jpg"},
		{"id":"24","name":"Kate Beckinsale","url":"img/celebs/kate_beckinsale.jpg"},

		{"id":"24","name":"Lena Headey","url":"img/celebs/lena_headey.jpg"},
		{"id":"24","name":"Rachel McAdams","url":"img/celebs/rachel_mcadams.jpg"},
		{"id":"24","name":"Emily Ratajkowski","url":"img/celebs/emily_r.jpg"},
		{"id":"24","name":"Taryn Manning","url":"img/celebs/taryn_manning.jpg"},
		{"id":"24","name":"Jessica Chastain","url":"img/celebs/jessica_chastain.jpg"},
		{"id":"24","name":"Shailene Woodley","url":"img/celebs/shailene_woodley.jpg"},
		{"id":"24","name":"Dakota Johnson","url":"img/celebs/dakota_johnson.jpg"},
		{"id":"24","name":"Carice van Houten","url":"img/celebs/carice_van.jpg"},
		{"id":"24","name":"Amber Heard","url":"img/celebs/amber_heard.jpg"},
		{"id":"24","name":"Stefanie Scott","url":"img/celebs/stefanie_scott.jpg"},
		{"id":"24","name":"Alison Brie","url":"img/celebs/alison_brie.jpg"},
		{"id":"24","name":"Monica Bellucci","url":"img/celebs/monica_bellucci.jpg"},
		{"id":"24","name":"Anna Faris","url":"img/celebs/anna_faris.jpg"},
		{"id":"24","name":"Jennifer Aniston","url":"img/celebs/jennifer_aniston.jpg"},
		{"id":"24","name":"Zoe Saldana","url":"img/celebs/zoe_saldana.jpg"},
		{"id":"24","name":"Angelina Jolie","url":"img/celebs/angelina_jolie.jpg"},
		{"id":"24","name":"Kristen Stewart","url":"img/celebs/kristen_stewart.jpg"},
		{"id":"24","name":"Amanda Seyfried","url":"img/celebs/amanda_seyfried.jpg"}
	]
}
